episode,wind_speed,wind_direction,current_speed,current_direction,wave_height,wave_direction
1,3.51,45.0,1.13,0.0,3.87,45.0
2,2.92,135.0,1.21,45.0,3.32,90.0
3,2.81,45.0,1.02,0.0,3.08,90.0
4,2.87,45.0,1.43,45.0,3.57,0.0
5,3.51,90.0,1.28,135.0,3.16,135.0
6,3.51,0.0,1.26,135.0,3.17,45.0
7,3.55,0.0,1.42,45.0,3.12,135.0
8,2.86,0.0,1.48,90.0,3.66,0.0
9,3.49,45.0,1.21,0.0,3.39,45.0
10,3.16,45.0,1.32,135.0,3.49,45.0
11,2.96,90.0,1.07,0.0,3.0,0.0
12,2.67,135.0,1.11,0.0,3.7,0.0
13,2.6,0.0,1.11,45.0,3.62,135.0
14,3.48,135.0,1.45,135.0,3.39,0.0
15,2.89,90.0,1.19,0.0,3.35,0.0
16,2.9,0.0,1.07,90.0,3.35,45.0
1,3.51,45.0,1.13,0.0,3.87,45.0
2,2.8,90.0,1.26,0.0,3.76,0.0
3,3.46,0.0,1.31,45.0,3.48,45.0
4,3.57,45.0,1.16,45.0,3.75,0.0
5,3.57,135.0,1.36,135.0,3.28,45.0
6,2.75,135.0,1.0,0.0,3.24,90.0
7,2.65,90.0,1.22,0.0,3.7,45.0
8,2.98,135.0,1.42,45.0,3.52,135.0
9,3.05,45.0,1.07,45.0,3.1,0.0
10,2.75,45.0,1.3,90.0,3.3,135.0
11,2.74,135.0,1.13,0.0,3.42,135.0
12,2.75,135.0,1.29,45.0,3.45,45.0
13,3.42,135.0,1.28,45.0,3.41,45.0
14,2.75,135.0,1.09,0.0,3.96,45.0
15,2.67,45.0,1.28,135.0,3.58,0.0
16,3.58,0.0,1.23,135.0,3.79,0.0
17,3.08,90.0,1.47,90.0,3.39,45.0
18,3.02,45.0,1.45,135.0,3.11,0.0
19,3.23,135.0,1.32,0.0,4.0,90.0
20,2.89,0.0,1.18,0.0,3.02,90.0
21,2.86,135.0,1.44,45.0,3.73,0.0
22,3.34,90.0,1.37,90.0,3.6,45.0
23,3.17,135.0,1.09,90.0,3.3,135.0
24,3.36,0.0,1.44,135.0,3.27,90.0
25,2.66,0.0,1.49,45.0,3.37,135.0
26,3.17,45.0,1.43,0.0,3.86,0.0
27,2.94,90.0,1.36,135.0,3.83,0.0
28,3.15,135.0,1.21,90.0,3.13,135.0
29,3.36,90.0,1.05,45.0,3.1,0.0
30,3.33,45.0,1.18,0.0,3.59,0.0
31,2.68,90.0,1.05,135.0,3.89,90.0
32,2.9,0.0,1.24,135.0,3.06,90.0
33,3.32,90.0,1.15,0.0,3.85,135.0
34,3.48,0.0,1.09,0.0,3.3,0.0
35,3.21,45.0,1.39,45.0,3.04,0.0
36,3.55,135.0,1.19,45.0,3.55,90.0
37,2.71,135.0,1.27,90.0,3.69,135.0
38,2.93,45.0,1.14,0.0,3.09,90.0
39,2.65,45.0,1.21,0.0,3.94,135.0
40,2.99,135.0,1.15,0.0,3.26,0.0
41,3.35,0.0,1.48,90.0,3.69,90.0
42,2.7,45.0,1.04,135.0,3.1,135.0
43,3.37,90.0,1.08,135.0,3.18,0.0
44,2.96,90.0,1.45,45.0,3.68,90.0
45,3.53,135.0,1.24,0.0,3.47,0.0
46,2.81,0.0,1.4,45.0,3.56,90.0
47,2.63,45.0,1.03,135.0,3.01,135.0
48,2.9,45.0,1.49,90.0,3.93,90.0
49,2.78,45.0,1.09,90.0,3.53,45.0
50,2.74,0.0,1.08,0.0,3.29,0.0
51,2.92,45.0,1.29,0.0,3.44,90.0
52,3.29,0.0,1.42,0.0,3.73,135.0
53,2.66,90.0,1.2,135.0,3.08,90.0
54,2.67,135.0,1.28,135.0,3.68,135.0
55,3.24,90.0,1.11,45.0,3.46,45.0
56,2.98,0.0,1.36,45.0,3.78,135.0
57,2.7,90.0,1.1,45.0,3.31,0.0
58,3.48,0.0,1.38,45.0,3.72,90.0
59,3.35,0.0,1.49,45.0,3.25,135.0
60,2.98,135.0,1.05,135.0,3.22,45.0
61,3.05,45.0,1.01,0.0,3.13,45.0
62,3.3,45.0,1.38,90.0,3.68,0.0
63,3.39,0.0,1.24,135.0,3.89,45.0
64,2.77,90.0,1.49,0.0,3.63,45.0
65,3.49,0.0,1.3,135.0,3.78,90.0
66,3.06,45.0,1.07,45.0,3.8,90.0
67,3.42,45.0,1.33,90.0,3.01,0.0
68,3.35,0.0,1.39,90.0,3.41,45.0
69,2.83,45.0,1.32,0.0,3.28,90.0
70,2.76,90.0,1.24,90.0,3.35,0.0
71,3.25,90.0,1.1,90.0,3.84,0.0
72,2.89,0.0,1.33,90.0,3.71,135.0
73,3.27,90.0,1.43,45.0,3.3,135.0
74,3.24,0.0,1.11,135.0,3.82,90.0
75,3.24,0.0,1.28,45.0,3.64,0.0
76,3.55,135.0,1.29,135.0,3.06,0.0
77,2.86,45.0,1.38,90.0,3.11,135.0
78,3.04,45.0,1.37,90.0,3.89,90.0
79,3.41,0.0,1.06,90.0,3.85,0.0
80,2.61,90.0,1.27,0.0,3.34,0.0
81,3.39,45.0,1.26,90.0,3.76,0.0
82,3.6,45.0,1.24,45.0,3.87,90.0
83,2.73,90.0,1.13,45.0,3.3,45.0
84,3.58,0.0,1.43,135.0,3.01,90.0
85,2.96,45.0,1.42,135.0,3.2,90.0
86,3.33,135.0,1.15,45.0,3.34,0.0
87,2.86,90.0,1.42,45.0,3.55,135.0
88,2.89,0.0,1.18,135.0,3.63,90.0
89,2.81,0.0,1.18,90.0,3.27,0.0
90,3.36,0.0,1.45,45.0,3.32,90.0
91,2.77,135.0,1.03,0.0,3.53,90.0
92,3.35,90.0,1.3,0.0,3.57,90.0
93,3.36,90.0,1.38,90.0,3.06,0.0
94,3.32,135.0,1.34,135.0,3.06,135.0
95,2.67,45.0,1.09,45.0,3.41,90.0
96,2.87,90.0,1.24,135.0,3.41,0.0
97,3.16,135.0,1.13,135.0,3.2,0.0
98,2.65,45.0,1.06,135.0,3.7,0.0
99,3.19,135.0,1.33,0.0,3.65,90.0
100,2.73,0.0,1.05,0.0,3.37,90.0
101,3.59,0.0,1.07,135.0,3.15,45.0
102,2.66,90.0,1.11,45.0,3.23,135.0
103,3.07,135.0,1.08,90.0,3.82,135.0
104,2.73,135.0,1.42,45.0,3.79,0.0
105,3.32,90.0,1.28,90.0,3.09,0.0
106,3.03,45.0,1.07,45.0,3.44,135.0
107,2.91,90.0,1.23,0.0,3.32,90.0
108,3.59,135.0,1.41,45.0,3.21,0.0
109,3.29,0.0,1.0,135.0,3.11,0.0
110,3.05,90.0,1.42,90.0,3.37,0.0
111,3.14,45.0,1.39,0.0,3.99,0.0
112,2.75,45.0,1.18,0.0,3.44,45.0
113,3.2,135.0,1.28,90.0,3.82,90.0
114,2.83,0.0,1.31,45.0,3.79,45.0
115,2.73,90.0,1.12,135.0,3.4,45.0
116,3.32,90.0,1.03,45.0,3.76,0.0
117,3.14,135.0,1.21,0.0,3.85,135.0
118,2.64,0.0,1.1,135.0,3.29,0.0
119,3.13,90.0,1.47,0.0,3.48,135.0
120,2.76,0.0,1.18,90.0,3.29,135.0
121,3.47,135.0,1.0,45.0,3.56,0.0
122,3.05,90.0,1.19,90.0,3.01,45.0
123,3.44,0.0,1.38,0.0,3.49,135.0
124,2.64,45.0,1.11,45.0,3.62,45.0
125,2.93,45.0,1.4,90.0,3.32,0.0
126,3.31,0.0,1.3,45.0,3.05,135.0
127,3.13,0.0,1.15,90.0,3.8,45.0
128,3.29,90.0,1.34,45.0,3.51,45.0
129,2.75,0.0,1.03,0.0,3.63,90.0
130,2.84,90.0,1.21,0.0,3.05,135.0
131,2.83,45.0,1.35,45.0,3.72,90.0
132,2.69,45.0,1.45,135.0,3.76,90.0
133,2.73,45.0,1.34,90.0,3.14,0.0
134,3.02,45.0,1.15,135.0,3.06,90.0
135,2.69,135.0,1.4,90.0,3.66,90.0
136,3.14,0.0,1.4,45.0,3.4,90.0
137,3.13,135.0,1.2,0.0,3.67,90.0
138,2.93,0.0,1.23,45.0,3.6,45.0
139,2.89,135.0,1.35,135.0,3.57,45.0
140,2.64,45.0,1.31,135.0,3.37,45.0
141,3.32,90.0,1.27,45.0,3.94,135.0
142,3.46,0.0,1.13,135.0,3.76,135.0
143,3.41,0.0,1.45,90.0,3.67,45.0
144,2.75,45.0,1.09,0.0,3.71,0.0
145,3.6,90.0,1.11,90.0,3.09,0.0
146,2.83,45.0,1.48,135.0,3.22,135.0
147,3.27,90.0,1.28,90.0,3.89,135.0
148,3.3,0.0,1.1,135.0,3.89,0.0
149,2.82,135.0,1.34,90.0,3.83,90.0
150,3.33,135.0,1.12,0.0,3.93,135.0
151,3.24,164.66,1.26,20.95,3.65,100.46
152,3.25,112.06,1.21,241.3,3.58,278.04
153,2.84,197.41,1.18,231.91,3.76,298.57
154,3.32,9.83,1.3,253.53,3.44,335.2
155,3.16,121.11,1.15,102.88,3.59,336.47
156,3.28,177.35,1.25,121.84,3.69,52.52
157,3.21,270.99,1.22,182.16,3.44,333.2
158,3.19,198.61,1.35,262.48,3.23,79.1
159,2.87,278.92,1.35,207.4,3.37,246.98
160,3.04,150.37,1.3,135.8,3.67,262.33
161,2.9,188.06,1.33,82.67,3.22,18.18
162,2.85,126.01,1.19,264.29,3.67,317.46
163,3.3,218.05,1.24,9.89,3.78,179.56
164,3.03,225.58,1.26,283.88,3.38,315.45
165,3.19,60.69,1.35,23.48,3.33,121.65
166,3.35,307.53,1.31,153.41,3.72,129.08
167,2.96,238.78,1.21,80.23,3.78,130.91
168,2.98,146.48,1.27,330.0,3.56,52.13
169,3.12,189.52,1.22,114.99,3.22,24.7
170,3.37,234.8,1.3,168.48,3.71,67.08
171,2.89,109.84,1.24,114.33,3.77,29.74
172,2.88,333.41,1.11,157.32,3.65,264.11
173,2.95,237.76,1.39,244.06,3.63,63.38
174,2.92,121.55,1.38,288.41,3.59,231.85
175,3.02,185.58,1.13,126.77,3.72,166.51
176,3.04,171.72,1.25,150.39,3.28,314.1
177,2.92,346.11,1.16,167.41,3.43,295.13
178,3.19,11.48,1.11,280.38,3.41,240.81
179,3.19,73.5,1.38,252.12,3.32,309.67
180,2.91,341.23,1.36,29.76,3.56,281.39
181,3.17,348.09,1.11,84.91,3.28,39.38
182,3.23,179.98,1.36,343.74,3.61,342.93
183,3.34,284.25,1.23,25.07,3.71,352.38
184,2.86,41.32,1.38,273.2,3.59,2.0
185,3.35,86.82,1.16,355.43,3.26,228.65
186,3.08,209.68,1.16,136.67,3.21,287.84
187,3.05,123.29,1.27,209.93,3.6,273.56
188,3.07,215.32,1.37,186.86,3.66,105.33
189,2.82,257.91,1.3,54.05,3.27,167.35
190,2.85,330.98,1.11,89.15,3.61,102.23
191,3.09,305.74,1.28,336.78,3.42,344.68
192,3.03,309.99,1.33,90.63,3.53,50.55
193,3.27,8.22,1.24,140.96,3.43,155.53
194,3.14,315.07,1.1,322.37,3.72,345.72
195,3.1,233.49,1.19,57.67,3.24,348.88
196,3.37,138.28,1.34,156.33,3.76,282.14
197,3.13,201.35,1.22,303.48,3.3,139.12
198,3.21,230.0,1.12,339.35,3.37,79.65
199,3.37,152.8,1.32,106.3,3.59,253.53
200,3.01,7.61,1.28,89.9,3.57,19.87
201,2.96,243.88,1.22,346.85,3.31,170.59
202,3.12,4.18,1.23,253.07,3.78,150.2
203,3.04,137.34,1.16,343.53,3.64,223.94
204,3.19,264.52,1.1,259.42,3.69,252.23
205,3.22,154.51,1.14,82.88,3.63,96.35
206,3.01,120.82,1.34,4.0,3.55,269.36
207,3.37,124.51,1.37,19.47,3.25,169.18
208,3.19,324.74,1.29,84.97,3.77,53.27
209,3.01,322.73,1.17,27.11,3.39,184.92
210,3.14,188.54,1.36,53.1,3.72,264.21
211,2.85,7.35,1.27,24.23,3.29,199.9
212,3.01,22.91,1.38,309.08,3.45,248.58
213,2.94,177.31,1.34,184.01,3.66,243.39
214,2.94,353.11,1.25,178.19,3.6,102.65
215,3.4,8.34,1.12,249.12,3.26,328.24
216,2.86,278.79,1.16,307.1,3.63,7.56
217,2.97,102.59,1.15,289.35,3.22,1.67
218,3.08,191.18,1.1,186.49,3.72,275.45
219,3.13,142.17,1.32,195.98,3.29,314.12
220,2.91,289.34,1.18,126.51,3.35,340.4
221,3.3,121.39,1.2,3.35,3.7,119.77
222,2.89,76.91,1.19,218.33,3.61,359.88
223,2.82,140.79,1.14,30.6,3.77,354.26
224,3.11,260.6,1.38,84.69,3.56,70.72
225,3.09,42.26,1.12,60.66,3.54,118.75
226,3.01,211.62,1.35,289.75,3.25,290.47
227,3.04,141.76,1.31,200.95,3.77,313.72
228,3.19,249.22,1.19,197.13,3.34,117.31
229,3.07,39.11,1.24,312.08,3.32,86.23
230,3.21,309.12,1.31,77.48,3.32,210.98
231,2.86,202.27,1.26,324.23,3.7,121.7
232,3.38,22.28,1.37,243.06,3.49,237.03
233,3.33,237.92,1.35,189.69,3.72,298.21
234,3.08,137.09,1.26,176.29,3.35,109.55
235,3.06,40.58,1.13,208.97,3.72,298.39
236,2.92,224.58,1.3,204.37,3.67,71.03
237,2.99,238.28,1.21,88.15,3.46,72.72
238,3.18,152.11,1.36,158.04,3.55,110.13
239,3.05,333.2,1.31,100.2,3.7,208.95
240,2.86,286.09,1.17,25.31,3.64,201.8
241,3.23,182.37,1.4,332.6,3.53,112.98
242,2.85,162.98,1.3,236.8,3.72,3.75
243,3.2,20.95,1.31,348.56,3.31,323.99
244,3.39,113.34,1.18,257.94,3.41,300.25
245,2.91,225.83,1.34,354.19,3.57,302.18
246,3.25,337.72,1.39,170.52,3.52,130.94
247,2.97,189.79,1.24,316.27,3.72,336.58
248,3.08,153.68,1.36,243.69,3.45,167.31
249,2.93,287.52,1.38,296.84,3.25,128.97
250,2.94,232.74,1.22,2.17,3.72,141.63
251,3.19,230.93,1.16,73.43,3.63,190.95
252,3.32,4.52,1.2,240.3,3.59,151.28
253,3.18,118.82,1.32,260.9,3.26,215.08
254,3.22,94.0,1.25,186.78,3.3,82.55
255,3.33,234.47,1.36,117.35,3.41,94.86
256,3.2,209.68,1.12,196.5,3.6,36.11
257,3.3,277.07,1.11,232.82,3.76,344.22
258,3.31,270.3,1.24,301.03,3.22,65.24
259,3.32,125.74,1.11,352.77,3.26,61.02
260,3.09,108.4,1.29,315.47,3.29,27.23
261,2.93,337.74,1.29,288.76,3.65,152.62
262,3.04,355.6,1.22,186.36,3.35,51.1
263,3.09,93.07,1.34,301.86,3.6,25.92
264,2.81,251.46,1.21,287.73,3.5,172.87
265,3.0,274.64,1.27,311.6,3.58,271.78
266,3.25,324.78,1.28,96.94,3.49,161.73
267,3.33,355.17,1.25,67.94,3.79,248.92
268,3.28,260.97,1.33,138.21,3.72,19.52
269,3.11,74.66,1.29,94.74,3.32,79.35
270,3.26,2.17,1.11,49.75,3.62,300.31
271,3.13,321.54,1.33,331.43,3.75,66.39
272,3.19,150.07,1.4,35.57,3.57,69.23
273,3.03,20.44,1.32,24.92,3.71,18.09
274,3.28,298.04,1.37,201.6,3.25,274.53
275,3.26,120.24,1.37,133.54,3.25,204.32
276,2.92,161.12,1.17,233.4,3.51,312.3
277,2.85,5.55,1.27,12.45,3.65,284.39
278,3.3,144.0,1.35,150.65,3.58,10.53
279,3.11,62.61,1.29,144.22,3.47,193.31
280,2.96,13.97,1.37,143.59,3.56,246.85
281,2.96,283.6,1.11,266.62,3.24,108.17
282,3.16,185.32,1.2,121.14,3.71,278.5
283,3.18,50.94,1.33,97.29,3.79,10.95
284,3.19,111.42,1.19,169.57,3.45,232.77
285,3.29,304.23,1.19,344.35,3.69,83.96
286,3.07,294.04,1.13,65.34,3.37,354.27
287,2.86,209.08,1.26,21.96,3.39,135.06
288,3.27,196.65,1.17,149.9,3.33,227.97
289,3.1,82.09,1.38,91.88,3.62,138.34
290,3.33,346.52,1.36,330.57,3.79,135.73
291,3.24,191.45,1.14,73.58,3.74,256.27
292,2.92,156.27,1.14,130.15,3.76,260.32
293,3.22,114.76,1.18,212.21,3.74,79.98
294,2.89,104.06,1.31,195.97,3.79,286.54
295,3.25,180.85,1.28,125.3,3.77,111.76
296,2.92,32.11,1.16,162.16,3.51,322.41
297,2.97,348.51,1.11,28.28,3.48,69.96
298,2.92,142.81,1.4,291.26,3.46,63.31
299,2.92,66.31,1.18,220.19,3.34,188.5
300,2.92,104.52,1.27,90.31,3.52,347.33
301,3.62,221.54,0.21,161.44,1.01,137.23
302,11.33,301.13,0.23,212.48,1.19,247.5
303,8.69,154.98,1.36,42.27,2.17,224.7
304,14.11,343.92,0.95,0.26,2.8,62.35
305,11.43,268.1,1.27,91.09,1.65,107.26
306,5.81,323.97,0.12,3.96,1.44,148.3
307,11.43,233.88,1.96,251.17,2.2,52.69
308,13.51,27.06,0.7,109.32,1.67,283.42
309,5.75,288.34,1.31,139.93,2.11,358.67
310,6.31,75.7,0.27,103.25,1.67,151.81
311,10.56,124.89,0.84,284.42,2.78,183.12
312,11.41,336.72,0.12,13.37,1.16,57.22
313,8.76,126.39,2.11,293.52,1.34,38.63
314,5.23,110.55,0.44,311.0,1.8,185.83
315,8.28,17.18,0.89,188.91,1.68,140.41
316,8.23,13.43,1.44,85.97,2.93,310.37
317,14.98,13.34,0.47,9.82,0.96,14.58
318,7.67,313.94,0.58,66.73,1.23,23.63
319,7.95,107.75,1.68,341.59,2.84,321.34
320,11.97,323.59,0.45,138.92,1.35,200.18
321,4.93,7.23,1.93,253.3,0.59,40.18
322,7.22,108.54,0.93,213.29,1.22,143.21
323,13.93,274.49,0.89,28.1,1.63,186.67
324,8.31,127.98,1.06,113.88,2.97,245.95
325,6.65,27.97,1.12,223.99,1.14,19.74
326,10.57,207.91,1.37,176.23,1.95,7.89
327,6.54,147.61,1.2,135.22,2.65,148.63
328,7.94,21.11,0.58,304.53,1.45,68.21
329,11.51,37.49,0.33,257.36,1.14,337.08
330,11.39,22.05,2.28,129.82,2.8,126.91
331,10.21,205.23,0.95,331.95,1.98,218.36
332,12.46,134.88,0.26,143.95,1.26,113.61
333,14.2,182.47,0.13,130.85,1.76,206.84
334,10.39,326.6,1.24,21.56,2.59,67.2
335,6.75,40.26,0.42,34.3,1.05,44.45
336,10.51,338.87,1.58,51.84,0.63,129.2
337,12.92,348.0,1.63,293.54,2.85,169.47
338,8.76,103.12,0.17,100.55,0.62,217.47
339,5.48,299.02,0.41,180.69,1.3,272.02
340,8.33,313.28,0.44,207.44,2.04,309.87
341,11.16,14.09,0.35,118.9,0.88,66.97
342,14.55,112.62,0.47,117.64,0.88,178.02
343,6.99,134.47,1.19,107.09,2.42,121.88
344,3.43,93.02,0.62,115.8,0.85,151.66
345,22.76,18.55,1.09,31.61,1.66,252.67
346,6.84,142.23,0.5,88.3,0.86,278.41
347,13.62,54.3,1.16,316.97,2.14,127.31
348,14.17,34.38,0.23,112.23,1.25,68.41
349,3.7,42.71,1.36,331.87,1.12,28.88
350,5.55,161.59,0.29,273.16,1.56,306.8
351,11.22,260.01,0.54,291.25,1.71,305.34
352,9.8,335.08,0.36,172.11,1.68,103.27
353,9.87,196.88,1.04,245.53,1.98,93.67
354,6.03,201.3,0.37,144.72,0.73,233.82
355,11.66,222.87,1.24,322.52,1.97,201.21
356,7.36,279.88,0.31,126.56,2.01,7.65
357,10.35,111.53,0.34,12.95,1.43,26.36
358,9.84,214.28,0.28,175.76,1.2,304.76
359,7.62,66.13,0.28,3.8,1.16,53.72
360,12.02,321.92,0.73,281.66,1.31,77.24
361,13.42,108.39,0.89,67.57,1.8,154.67
362,11.45,253.33,0.26,64.04,0.79,198.07
363,6.82,22.48,0.9,289.29,2.72,26.55
364,14.87,192.04,0.11,73.35,2.34,178.62
365,12.07,237.01,1.09,84.69,1.89,92.46
366,7.91,12.54,2.36,104.02,2.42,96.67
367,2.63,353.95,0.82,140.68,1.15,26.21
368,13.15,162.73,1.6,252.15,1.29,235.19
369,14.82,38.44,0.35,201.12,1.17,184.26
370,11.35,248.83,2.45,65.15,2.64,111.41
371,5.12,170.27,1.45,191.49,1.69,315.43
372,5.0,55.16,0.22,341.57,1.03,18.28
373,10.29,324.73,1.48,336.93,1.1,11.0
374,5.38,44.01,0.14,151.63,2.34,133.45
375,9.39,165.61,2.07,153.73,0.54,290.29
376,2.52,109.52,1.46,49.86,1.34,172.98
377,13.16,339.91,2.45,289.41,1.74,93.6
378,13.21,297.63,1.3,150.24,2.13,58.07
379,7.47,188.13,0.32,52.13,2.69,41.64
380,6.33,17.49,0.25,327.56,2.06,238.15
381,6.05,52.72,0.79,327.12,1.77,253.15
382,14.62,75.99,0.35,42.16,1.89,198.57
383,8.95,226.26,0.64,349.05,2.81,317.3
384,13.26,38.32,0.64,75.61,2.37,148.07
385,6.97,203.33,0.3,265.9,1.29,150.21
386,12.84,279.49,0.53,153.09,2.26,255.0
387,9.65,175.39,0.95,57.69,2.96,357.15
388,8.01,257.02,2.15,300.27,2.64,72.06
389,7.51,358.7,1.48,339.42,1.93,262.73
390,10.4,75.99,2.4,263.77,1.84,79.38
391,7.37,107.03,1.36,359.69,2.07,86.81
392,10.69,219.11,0.98,50.83,2.23,48.51
393,10.14,103.26,0.14,25.27,2.16,329.11
394,11.28,292.95,0.37,160.01,1.36,190.87
395,11.25,53.93,0.95,14.67,2.78,201.67
396,10.56,177.25,0.64,94.93,1.58,71.71
397,11.25,217.53,0.85,211.93,1.57,87.52
398,8.46,69.56,0.44,38.81,2.79,326.5
399,6.46,173.47,1.22,79.83,1.49,149.82
400,12.31,303.78,1.08,245.72,1.31,350.6
1,3.51,45.0,1.13,0.0,3.87,45.0
2,2.8,90.0,1.26,0.0,3.76,0.0
3,3.46,0.0,1.31,45.0,3.48,45.0
4,3.57,45.0,1.16,45.0,3.75,0.0
5,3.57,135.0,1.36,135.0,3.28,45.0
6,2.75,135.0,1.0,0.0,3.24,90.0
7,2.65,90.0,1.22,0.0,3.7,45.0
8,2.98,135.0,1.42,45.0,3.52,135.0
9,3.05,45.0,1.07,45.0,3.1,0.0
10,2.75,45.0,1.3,90.0,3.3,135.0
11,2.74,135.0,1.13,0.0,3.42,135.0
12,2.75,135.0,1.29,45.0,3.45,45.0
13,3.42,135.0,1.28,45.0,3.41,45.0
14,2.75,135.0,1.09,0.0,3.96,45.0
15,2.67,45.0,1.28,135.0,3.58,0.0
16,3.58,0.0,1.23,135.0,3.79,0.0
17,3.08,90.0,1.47,90.0,3.39,45.0
18,3.02,45.0,1.45,135.0,3.11,0.0
19,3.23,135.0,1.32,0.0,4.0,90.0
20,2.89,0.0,1.18,0.0,3.02,90.0
21,2.86,135.0,1.44,45.0,3.73,0.0
22,3.34,90.0,1.37,90.0,3.6,45.0
23,3.17,135.0,1.09,90.0,3.3,135.0
24,3.36,0.0,1.44,135.0,3.27,90.0
25,2.66,0.0,1.49,45.0,3.37,135.0
26,3.17,45.0,1.43,0.0,3.86,0.0
27,2.94,90.0,1.36,135.0,3.83,0.0
28,3.15,135.0,1.21,90.0,3.13,135.0
29,3.36,90.0,1.05,45.0,3.1,0.0
30,3.33,45.0,1.18,0.0,3.59,0.0
31,2.68,90.0,1.05,135.0,3.89,90.0
32,2.9,0.0,1.24,135.0,3.06,90.0
33,3.32,90.0,1.15,0.0,3.85,135.0
34,3.48,0.0,1.09,0.0,3.3,0.0
35,3.21,45.0,1.39,45.0,3.04,0.0
36,3.55,135.0,1.19,45.0,3.55,90.0
37,2.71,135.0,1.27,90.0,3.69,135.0
38,2.93,45.0,1.14,0.0,3.09,90.0
39,2.65,45.0,1.21,0.0,3.94,135.0
40,2.99,135.0,1.15,0.0,3.26,0.0
41,3.35,0.0,1.48,90.0,3.69,90.0
42,2.7,45.0,1.04,135.0,3.1,135.0
43,3.37,90.0,1.08,135.0,3.18,0.0
44,2.96,90.0,1.45,45.0,3.68,90.0
45,3.53,135.0,1.24,0.0,3.47,0.0
46,2.81,0.0,1.4,45.0,3.56,90.0
47,2.63,45.0,1.03,135.0,3.01,135.0
48,2.9,45.0,1.49,90.0,3.93,90.0
49,2.78,45.0,1.09,90.0,3.53,45.0
50,2.74,0.0,1.08,0.0,3.29,0.0
51,2.92,45.0,1.29,0.0,3.44,90.0
52,3.29,0.0,1.42,0.0,3.73,135.0
53,2.66,90.0,1.2,135.0,3.08,90.0
54,2.67,135.0,1.28,135.0,3.68,135.0
55,3.24,90.0,1.11,45.0,3.46,45.0
56,2.98,0.0,1.36,45.0,3.78,135.0
57,2.7,90.0,1.1,45.0,3.31,0.0
58,3.48,0.0,1.38,45.0,3.72,90.0
59,3.35,0.0,1.49,45.0,3.25,135.0
60,2.98,135.0,1.05,135.0,3.22,45.0
61,3.05,45.0,1.01,0.0,3.13,45.0
62,3.3,45.0,1.38,90.0,3.68,0.0
63,3.39,0.0,1.24,135.0,3.89,45.0
64,2.77,90.0,1.49,0.0,3.63,45.0
65,3.49,0.0,1.3,135.0,3.78,90.0
66,3.06,45.0,1.07,45.0,3.8,90.0
67,3.42,45.0,1.33,90.0,3.01,0.0
68,3.35,0.0,1.39,90.0,3.41,45.0
69,2.83,45.0,1.32,0.0,3.28,90.0
70,2.76,90.0,1.24,90.0,3.35,0.0
71,3.25,90.0,1.1,90.0,3.84,0.0
72,2.89,0.0,1.33,90.0,3.71,135.0
73,3.27,90.0,1.43,45.0,3.3,135.0
74,3.24,0.0,1.11,135.0,3.82,90.0
75,3.24,0.0,1.28,45.0,3.64,0.0
76,3.55,135.0,1.29,135.0,3.06,0.0
77,2.86,45.0,1.38,90.0,3.11,135.0
78,3.04,45.0,1.37,90.0,3.89,90.0
79,3.41,0.0,1.06,90.0,3.85,0.0
80,2.61,90.0,1.27,0.0,3.34,0.0
81,3.39,45.0,1.26,90.0,3.76,0.0
82,3.6,45.0,1.24,45.0,3.87,90.0
83,2.73,90.0,1.13,45.0,3.3,45.0
84,3.58,0.0,1.43,135.0,3.01,90.0
85,2.96,45.0,1.42,135.0,3.2,90.0
86,3.33,135.0,1.15,45.0,3.34,0.0
87,2.86,90.0,1.42,45.0,3.55,135.0
88,2.89,0.0,1.18,135.0,3.63,90.0
89,2.81,0.0,1.18,90.0,3.27,0.0
90,3.36,0.0,1.45,45.0,3.32,90.0
91,2.77,135.0,1.03,0.0,3.53,90.0
92,3.35,90.0,1.3,0.0,3.57,90.0
93,3.36,90.0,1.38,90.0,3.06,0.0
94,3.32,135.0,1.34,135.0,3.06,135.0
95,2.67,45.0,1.09,45.0,3.41,90.0
96,2.87,90.0,1.24,135.0,3.41,0.0
97,3.16,135.0,1.13,135.0,3.2,0.0
98,2.65,45.0,1.06,135.0,3.7,0.0
99,3.19,135.0,1.33,0.0,3.65,90.0
100,2.73,0.0,1.05,0.0,3.37,90.0
101,3.59,0.0,1.07,135.0,3.15,45.0
102,2.66,90.0,1.11,45.0,3.23,135.0
103,3.07,135.0,1.08,90.0,3.82,135.0
104,2.73,135.0,1.42,45.0,3.79,0.0
105,3.32,90.0,1.28,90.0,3.09,0.0
106,3.03,45.0,1.07,45.0,3.44,135.0
107,2.91,90.0,1.23,0.0,3.32,90.0
108,3.59,135.0,1.41,45.0,3.21,0.0
109,3.29,0.0,1.0,135.0,3.11,0.0
110,3.05,90.0,1.42,90.0,3.37,0.0
111,3.14,45.0,1.39,0.0,3.99,0.0
112,2.75,45.0,1.18,0.0,3.44,45.0
113,3.2,135.0,1.28,90.0,3.82,90.0
114,2.83,0.0,1.31,45.0,3.79,45.0
115,2.73,90.0,1.12,135.0,3.4,45.0
116,3.32,90.0,1.03,45.0,3.76,0.0
117,3.14,135.0,1.21,0.0,3.85,135.0
118,2.64,0.0,1.1,135.0,3.29,0.0
119,3.13,90.0,1.47,0.0,3.48,135.0
120,2.76,0.0,1.18,90.0,3.29,135.0
121,3.47,135.0,1.0,45.0,3.56,0.0
122,3.05,90.0,1.19,90.0,3.01,45.0
123,3.44,0.0,1.38,0.0,3.49,135.0
124,2.64,45.0,1.11,45.0,3.62,45.0
125,2.93,45.0,1.4,90.0,3.32,0.0
126,3.31,0.0,1.3,45.0,3.05,135.0
127,3.13,0.0,1.15,90.0,3.8,45.0
128,3.29,90.0,1.34,45.0,3.51,45.0
129,2.75,0.0,1.03,0.0,3.63,90.0
130,2.84,90.0,1.21,0.0,3.05,135.0
131,2.83,45.0,1.35,45.0,3.72,90.0
132,2.69,45.0,1.45,135.0,3.76,90.0
133,2.73,45.0,1.34,90.0,3.14,0.0
134,3.02,45.0,1.15,135.0,3.06,90.0
135,2.69,135.0,1.4,90.0,3.66,90.0
136,3.14,0.0,1.4,45.0,3.4,90.0
137,3.13,135.0,1.2,0.0,3.67,90.0
138,2.93,0.0,1.23,45.0,3.6,45.0
139,2.89,135.0,1.35,135.0,3.57,45.0
140,2.64,45.0,1.31,135.0,3.37,45.0
141,3.32,90.0,1.27,45.0,3.94,135.0
142,3.46,0.0,1.13,135.0,3.76,135.0
143,3.41,0.0,1.45,90.0,3.67,45.0
144,2.75,45.0,1.09,0.0,3.71,0.0
145,3.6,90.0,1.11,90.0,3.09,0.0
146,2.83,45.0,1.48,135.0,3.22,135.0
147,3.27,90.0,1.28,90.0,3.89,135.0
148,3.3,0.0,1.1,135.0,3.89,0.0
149,2.82,135.0,1.34,90.0,3.83,90.0
150,3.33,135.0,1.12,0.0,3.93,135.0
151,3.34,135.0,1.49,0.0,3.03,90.0
152,3.34,90.0,1.3,0.0,3.67,0.0
153,2.66,90.0,1.2,90.0,3.42,135.0
154,3.26,135.0,1.09,0.0,3.35,45.0
155,3.49,135.0,1.06,0.0,3.82,0.0
156,3.54,135.0,1.38,135.0,3.68,45.0
157,3.45,135.0,1.34,135.0,3.11,135.0
158,3.55,135.0,1.04,0.0,3.92,90.0
159,3.19,135.0,1.07,135.0,3.53,0.0
160,3.28,135.0,1.28,45.0,3.97,0.0
161,3.21,45.0,1.44,0.0,3.71,45.0
162,3.16,45.0,1.16,0.0,3.38,90.0
163,3.27,135.0,1.19,45.0,3.88,90.0
164,3.54,135.0,1.23,0.0,3.37,45.0
165,2.9,0.0,1.17,135.0,3.15,45.0
166,3.03,135.0,1.18,135.0,3.7,90.0
167,2.95,45.0,1.07,90.0,3.36,135.0
168,2.91,135.0,1.39,45.0,3.99,90.0
169,3.13,135.0,1.27,0.0,3.03,0.0
170,3.52,90.0,1.44,135.0,3.48,0.0
171,3.12,0.0,1.07,90.0,3.52,90.0
172,2.98,0.0,1.07,0.0,3.13,135.0
173,2.85,90.0,1.34,45.0,3.2,135.0
174,2.94,135.0,1.4,45.0,3.39,0.0
175,3.36,45.0,1.43,135.0,3.17,45.0
176,3.0,135.0,1.22,135.0,3.2,0.0
177,2.72,45.0,1.22,0.0,3.38,90.0
178,3.24,0.0,1.0,90.0,3.78,90.0
179,3.24,45.0,1.12,45.0,3.48,90.0
180,3.44,0.0,1.44,0.0,3.8,90.0
181,3.22,0.0,1.08,45.0,3.11,135.0
182,3.31,135.0,1.12,0.0,3.95,135.0
183,3.5,135.0,1.17,135.0,3.85,0.0
184,2.7,0.0,1.06,135.0,3.76,45.0
185,3.52,45.0,1.22,90.0,3.11,45.0
186,3.07,90.0,1.09,135.0,3.68,135.0
187,3.02,90.0,1.39,90.0,3.58,45.0
188,3.05,90.0,1.46,135.0,3.76,90.0
189,2.63,90.0,1.33,45.0,3.79,90.0
190,2.67,45.0,1.04,0.0,3.08,90.0
191,3.09,45.0,1.3,90.0,3.09,135.0
192,2.99,45.0,1.13,45.0,3.14,45.0
193,2.98,135.0,1.2,45.0,3.93,90.0
194,2.84,90.0,1.0,135.0,3.66,135.0
195,3.2,135.0,1.36,135.0,3.55,135.0
196,3.33,45.0,1.02,0.0,3.99,135.0
197,2.99,45.0,1.29,45.0,3.39,45.0
198,3.22,135.0,1.12,90.0,3.66,135.0
199,3.23,0.0,1.35,135.0,3.28,135.0
200,2.69,0.0,1.08,45.0,3.39,0.0
201,2.79,135.0,1.08,0.0,3.87,0.0
202,3.43,0.0,1.48,135.0,3.35,0.0
203,2.8,0.0,1.37,0.0,3.94,0.0
204,2.61,135.0,1.4,90.0,3.42,135.0
205,2.83,135.0,1.13,135.0,3.07,135.0
206,3.39,0.0,1.12,45.0,3.75,45.0
207,3.56,90.0,1.27,0.0,3.05,0.0
208,3.08,45.0,1.21,45.0,3.57,90.0
209,2.91,135.0,1.09,90.0,3.67,135.0
210,3.12,0.0,1.07,135.0,3.33,45.0
211,2.68,0.0,1.03,0.0,3.65,45.0
212,2.95,0.0,1.39,135.0,3.42,45.0
213,2.84,135.0,1.42,90.0,3.76,90.0
214,2.84,45.0,1.25,135.0,3.92,45.0
215,3.0,0.0,1.5,0.0,3.73,0.0
216,2.86,45.0,1.09,90.0,3.92,135.0
217,2.62,45.0,1.07,90.0,3.54,0.0
218,3.27,45.0,1.23,0.0,3.03,45.0
219,3.15,135.0,1.07,90.0,3.54,45.0
220,2.84,90.0,1.29,0.0,3.25,45.0
221,3.43,90.0,1.27,0.0,3.01,90.0
222,3.18,45.0,1.19,0.0,3.31,45.0
223,2.63,135.0,1.43,90.0,3.08,90.0
224,3.11,135.0,1.12,135.0,3.2,45.0
225,3.08,0.0,1.28,45.0,3.15,90.0
226,2.95,0.0,1.04,45.0,3.68,90.0
227,2.99,45.0,1.28,135.0,3.11,90.0
228,3.25,90.0,1.21,45.0,3.23,90.0
229,3.34,135.0,1.24,135.0,3.13,45.0
230,3.28,135.0,1.11,45.0,3.22,45.0
231,3.23,90.0,1.16,90.0,3.36,0.0
232,3.59,0.0,1.18,0.0,3.54,90.0
233,3.26,0.0,1.43,45.0,3.88,90.0
234,2.98,135.0,1.42,135.0,3.3,45.0
235,2.66,0.0,1.08,135.0,3.86,0.0
236,2.81,45.0,1.33,135.0,3.2,135.0
237,2.91,135.0,1.4,135.0,3.44,90.0
238,3.24,135.0,1.16,135.0,3.87,45.0
239,2.61,45.0,1.21,0.0,3.69,90.0
240,2.69,0.0,1.11,0.0,3.23,90.0
241,3.32,45.0,1.49,90.0,3.31,90.0
242,3.07,135.0,1.33,0.0,3.01,0.0
243,3.27,0.0,1.23,135.0,3.18,90.0
244,3.58,90.0,1.04,90.0,3.36,90.0
245,2.78,90.0,1.07,90.0,3.52,90.0
246,3.14,135.0,1.03,45.0,3.12,45.0
247,3.14,0.0,1.26,135.0,3.2,90.0
248,3.36,45.0,1.12,45.0,3.44,90.0
249,2.7,0.0,1.03,45.0,3.89,90.0
250,3.57,90.0,1.3,90.0,3.05,90.0
251,3.5,45.0,1.22,0.0,3.69,90.0
252,3.34,90.0,1.01,135.0,3.82,90.0
253,3.27,90.0,1.32,0.0,3.68,135.0
254,3.06,135.0,1.22,135.0,3.97,90.0
255,3.19,135.0,1.45,45.0,3.84,90.0
256,2.61,45.0,1.04,0.0,3.76,135.0
257,2.8,135.0,1.33,90.0,3.47,90.0
258,2.68,0.0,1.43,45.0,3.43,45.0
259,3.39,135.0,1.42,90.0,3.44,45.0
260,3.46,135.0,1.4,45.0,3.34,135.0
261,3.37,90.0,1.46,135.0,3.85,45.0
262,3.54,90.0,1.09,0.0,3.12,90.0
263,2.63,45.0,1.44,0.0,3.81,135.0
264,2.86,0.0,1.11,90.0,3.34,90.0
265,2.93,90.0,1.37,0.0,3.42,45.0
266,2.88,90.0,1.04,0.0,3.87,90.0
267,3.13,45.0,1.37,0.0,3.66,135.0
268,2.86,135.0,1.04,0.0,3.52,135.0
269,3.18,90.0,1.13,0.0,3.11,90.0
270,3.56,90.0,1.42,90.0,3.52,135.0
271,3.07,90.0,1.37,45.0,3.09,0.0
272,2.89,90.0,1.26,0.0,3.94,90.0
273,3.51,90.0,1.46,45.0,3.73,90.0
274,2.9,45.0,1.42,45.0,3.73,135.0
275,2.95,90.0,1.2,135.0,3.02,135.0
276,2.79,0.0,1.39,135.0,3.84,135.0
277,2.84,135.0,1.22,45.0,3.08,135.0
278,3.39,135.0,1.48,135.0,3.61,45.0
279,3.06,135.0,1.18,135.0,3.86,0.0
280,3.49,90.0,1.27,90.0,3.71,90.0
281,2.69,45.0,1.42,0.0,3.7,135.0
282,2.98,0.0,1.2,0.0,4.0,0.0
283,2.75,135.0,1.25,90.0,3.25,135.0
284,3.14,135.0,1.35,45.0,3.29,0.0
285,2.78,0.0,1.14,45.0,3.42,90.0
286,3.28,45.0,1.13,135.0,3.4,0.0
287,2.82,90.0,1.21,45.0,3.94,90.0
288,3.31,45.0,1.21,90.0,3.56,45.0
289,2.62,45.0,1.41,45.0,3.77,0.0
290,2.83,135.0,1.11,90.0,3.4,0.0
291,3.27,135.0,1.38,90.0,3.52,45.0
292,3.38,45.0,1.06,90.0,3.71,0.0
293,2.67,45.0,1.03,135.0,3.18,0.0
294,3.41,135.0,1.36,0.0,3.25,135.0
295,2.84,135.0,1.33,135.0,3.28,0.0
296,2.81,135.0,1.48,0.0,3.03,135.0
297,3.23,135.0,1.45,90.0,3.51,45.0
298,3.03,135.0,1.03,45.0,3.95,45.0
299,2.89,135.0,1.48,135.0,3.52,0.0
300,2.69,0.0,1.34,0.0,3.36,0.0
301,13.4,201.87,1.27,288.88,1.57,327.65
302,5.03,40.47,0.4,25.86,1.46,37.38
303,7.02,84.21,0.44,83.17,2.36,302.79
304,11.3,312.66,0.31,96.94,1.8,99.44
305,13.42,0.23,0.81,7.68,2.09,127.95
306,11.42,30.91,2.33,338.14,2.89,222.89
307,7.9,104.73,1.29,312.81,1.3,210.36
308,7.52,214.45,2.06,13.79,1.35,129.17
309,5.27,33.02,1.45,211.83,1.71,226.66
310,6.28,95.95,1.54,103.01,1.05,354.21
311,10.56,124.89,0.67,284.42,1.87,183.12
312,6.2,58.06,0.22,21.11,0.99,34.77
313,10.63,126.39,1.71,293.52,1.84,38.63
314,5.23,110.55,0.99,311.0,2.04,185.83
315,8.28,17.18,0.89,188.91,1.68,140.41
316,5.33,13.43,2.39,85.97,2.89,310.37
317,7.99,85.03,1.42,74.17,0.96,112.49
318,7.67,56.16,0.97,25.56,1.05,41.97
319,7.95,107.75,0.34,341.59,2.37,321.34
320,13.49,323.59,1.37,138.92,1.64,200.18
321,4.55,0.9,1.45,21.11,0.74,6.7
322,13.45,108.54,1.38,213.29,1.4,143.21
323,14.25,52.87,1.06,22.34,2.18,40.56
324,9.32,40.66,1.19,29.49,2.49,45.5
325,12.3,28.05,0.66,224.61,1.57,19.79
326,10.57,207.91,1.37,176.23,1.95,7.89
327,6.54,147.61,2.08,135.22,2.72,148.63
328,4.47,21.11,0.84,304.53,1.07,68.21
329,11.51,37.49,1.02,257.36,1.14,337.08
330,12.47,31.84,1.39,30.82,2.88,50.58
331,10.21,205.23,0.95,331.95,2.18,218.36
332,12.46,134.88,0.46,143.95,1.45,113.61
333,14.2,182.47,0.13,130.85,1.76,206.84
334,10.39,326.6,1.24,21.56,2.59,67.2
335,11.87,123.14,0.36,51.57,0.61,173.35
336,10.51,338.87,1.94,51.84,1.11,129.2
337,12.92,348.0,0.33,293.54,2.38,169.47
338,8.76,103.12,0.61,100.55,1.1,217.47
339,5.48,298.19,2.05,180.19,1.5,271.27
340,8.33,313.28,0.44,207.44,2.04,309.87
341,11.16,14.09,0.86,118.9,0.88,66.97
342,14.55,112.62,0.68,117.64,0.88,178.02
343,6.99,134.47,2.06,107.09,2.54,121.88
344,5.87,93.02,0.74,115.8,1.46,151.66
345,12.76,18.55,0.34,31.61,0.72,252.67
346,10.47,290.47,1.09,102.73,1.99,131.21
347,6.42,195.54,1.58,55.34,0.86,133.36
348,14.17,34.38,1.16,112.23,1.75,68.41
349,6.4,42.71,1.3,331.87,1.53,28.88
350,10.1,161.59,0.26,273.16,2.27,306.8
351,11.22,259.29,0.78,290.44,1.71,304.49
352,5.4,27.92,0.35,14.34,1.21,8.61
353,9.87,196.88,0.48,245.53,1.98,93.67
354,6.03,201.3,1.1,144.72,1.18,233.82
355,6.11,33.57,1.29,27.92,1.7,36.77
356,7.36,279.88,0.16,126.56,1.71,7.65
357,10.35,111.53,0.93,12.95,1.66,26.36
358,9.94,95.71,0.95,59.29,2.02,121.19
359,4.31,35.51,0.63,20.32,1.05,44.48
360,9.03,321.92,0.42,281.66,1.28,77.24
361,13.42,108.69,0.89,67.76,1.8,155.1
362,11.45,253.33,0.73,64.04,0.79,198.07
363,6.82,22.48,0.33,289.29,2.27,26.55
364,7.92,191.51,0.51,73.15,2.34,178.13
365,6.54,237.01,1.56,84.69,1.61,92.46
366,7.91,12.54,2.36,104.02,2.54,96.67
367,8.73,59.58,1.01,31.76,2.33,27.19
368,6.89,162.27,0.87,251.45,0.38,234.54
369,14.82,38.44,0.35,201.12,1.17,184.26
370,11.35,248.83,0.49,65.15,2.14,111.41
371,8.05,44.23,1.47,36.0,1.72,41.36
372,3.0,55.16,0.81,341.57,0.9,18.28
373,5.64,324.73,0.72,336.93,0.98,11.0
374,5.38,44.01,0.71,151.63,2.81,133.45
375,9.39,165.61,0.41,153.73,0.53,290.29
376,5.87,109.83,2.44,50.0,2.31,173.46
377,5.45,58.33,1.48,54.12,1.05,37.8
378,7.1,54.8,1.36,32.52,1.48,44.84
379,7.47,188.13,0.81,52.13,2.75,41.64
380,8.93,31.46,0.89,47.3,2.67,59.85
381,6.05,52.72,0.54,327.12,1.77,253.15
382,14.62,75.99,0.35,42.16,1.89,198.57
383,8.95,226.26,1.27,349.05,2.81,317.3
384,13.78,33.19,0.89,26.3,2.62,37.34
385,6.97,203.33,0.3,265.9,1.29,150.21
386,12.84,279.49,0.11,153.09,1.91,255.0
387,9.65,175.88,1.72,57.85,2.96,358.14
388,8.01,257.02,0.43,300.27,2.21,72.06
389,7.51,357.71,0.79,338.48,2.29,262.0
390,10.4,75.99,2.4,263.77,2.07,79.38
391,7.37,107.03,2.3,359.69,2.07,86.81
392,10.69,219.11,0.2,50.83,1.73,48.51
393,10.14,103.26,0.69,25.27,2.58,329.11
394,11.28,292.14,1.84,159.56,1.86,190.34
395,6.13,53.93,1.11,14.67,1.87,201.67
396,10.56,177.25,0.13,94.93,1.08,71.71
397,9.65,217.53,1.21,211.93,1.44,87.52
398,8.46,69.56,1.26,38.81,2.83,326.5
399,11.91,173.95,0.29,80.05,1.49,150.24
400,12.31,303.78,0.36,245.72,1.31,350.6
401,6.39,174.16,1.23,334.07,1.62,143.17
402,11.83,36.31,0.57,42.1,2.45,42.52
403,14.19,221.95,1.41,207.22,1.17,169.69
404,9.58,158.17,2.09,262.75,1.63,284.74
405,13.25,51.19,1.99,120.89,2.89,47.18
406,8.85,260.36,1.3,139.71,1.75,230.53
407,6.78,7.92,0.94,72.7,0.6,125.78
408,11.38,282.59,0.39,95.1,1.46,100.0
409,9.13,122.28,0.44,157.33,1.48,288.21
410,8.35,291.13,1.33,37.39,2.44,232.74
411,8.42,31.7,0.32,236.33,1.87,344.28
412,8.55,227.46,2.23,289.31,1.21,117.73
413,13.8,118.19,2.32,214.06,2.97,260.37
414,6.29,325.96,0.93,352.35,2.43,88.76
415,12.65,48.48,0.57,31.88,1.29,44.9
416,8.66,250.13,0.83,43.95,2.95,176.16
417,9.25,316.92,0.28,171.65,2.36,249.16
418,12.2,231.46,1.08,209.88,2.29,111.03
419,7.62,44.68,0.99,64.99,1.62,252.37
420,5.25,180.75,0.19,119.22,2.61,218.91
421,3.54,53.93,0.66,42.66,1.14,40.88
422,5.86,354.2,1.29,156.31,0.65,132.95
423,9.55,30.0,1.56,357.9,1.78,43.68
424,13.96,16.03,0.73,248.42,0.76,135.92
425,4.6,32.76,1.23,41.18,0.53,53.97
426,12.72,135.56,0.65,253.46,2.52,248.07
427,9.84,73.45,0.71,350.0,1.94,10.43
428,7.51,105.5,0.33,145.72,1.0,183.11
429,6.01,105.34,1.65,79.78,2.95,348.52
430,12.07,33.69,0.31,8.97,1.39,160.24
431,10.29,196.19,0.14,274.01,1.86,239.88
432,5.93,53.8,0.27,124.96,0.96,257.39
433,14.51,307.74,1.9,56.97,1.17,284.68
434,9.09,155.74,0.47,21.11,0.58,55.9
435,5.25,58.19,1.16,22.67,0.53,39.27
436,14.17,30.11,1.12,28.38,1.6,60.5
437,7.25,299.01,0.85,168.4,1.73,101.93
438,7.24,222.39,2.19,2.25,2.17,109.11
439,8.54,319.05,0.68,80.49,2.39,91.31
440,6.07,55.7,0.9,36.91,1.41,30.65
441,6.49,14.0,0.55,256.88,1.65,67.72
442,5.7,164.54,0.2,98.81,1.48,177.16
443,3.86,204.58,0.1,141.78,0.92,41.53
444,9.34,203.23,0.28,318.6,2.62,266.87
445,6.23,77.86,0.23,248.84,2.22,56.66
446,9.58,273.98,0.67,275.07,1.27,105.55
447,12.15,51.38,1.03,34.58,2.35,46.76
448,13.54,129.89,0.73,309.72,1.56,325.28
449,8.18,67.7,0.19,111.02,1.52,135.39
450,5.76,15.2,1.45,282.71,1.44,118.98
451,5.58,95.58,1.77,120.76,2.61,250.48
452,13.9,162.22,1.42,205.25,1.39,250.39
453,9.36,238.19,1.6,2.14,2.84,241.0
454,13.92,38.65,1.04,24.55,2.14,36.23
455,5.62,12.72,1.34,225.98,1.51,352.27
456,13.33,44.95,1.73,26.06,1.66,46.28
457,6.88,193.01,2.06,27.76,2.62,56.29
458,5.4,324.42,2.3,98.06,2.19,297.12
459,6.35,353.83,1.33,281.43,2.62,21.41
460,15.55,44.0,1.1,29.75,2.0,30.95
461,10.86,152.59,1.41,279.45,1.83,193.18
462,6.05,138.29,1.53,86.01,1.12,183.33
463,12.26,95.0,0.17,108.74,1.0,199.71
464,12.32,202.76,0.34,316.31,0.55,354.84
465,12.18,177.67,0.36,112.56,1.06,264.56
466,12.25,81.57,0.21,22.16,0.53,37.61
467,10.29,288.9,0.24,306.86,1.02,171.13
468,13.09,229.68,1.64,90.77,2.19,75.46
469,14.58,140.77,2.2,102.17,2.94,202.46
470,10.2,292.56,1.38,324.08,1.99,156.15
471,7.86,108.3,0.44,225.02,1.54,240.1
472,11.84,160.89,0.56,25.18,1.61,73.66
473,8.4,227.7,1.3,230.39,0.75,106.71
474,14.05,151.24,0.67,185.18,2.55,304.94
475,14.67,129.87,0.49,126.71,2.06,106.08
476,11.55,30.84,2.46,52.21,0.84,346.35
477,11.35,39.6,0.89,26.22,2.11,66.41
478,5.29,49.11,2.32,303.72,1.24,147.48
479,14.89,33.85,0.7,46.53,1.3,51.81
480,7.27,56.95,1.27,328.35,1.59,325.58
481,8.13,100.18,0.47,76.68,0.67,226.56
482,12.13,317.38,1.87,37.63,0.64,127.24
483,5.16,151.43,1.21,181.4,1.99,22.96
484,9.88,74.6,1.74,310.09,2.35,231.82
485,13.24,8.24,1.92,60.37,1.97,102.7
486,11.18,47.24,1.08,33.01,1.83,48.95
487,7.0,310.45,1.75,348.57,1.1,2.41
488,14.12,50.82,1.84,129.07,2.87,63.64
489,3.87,58.31,0.34,34.03,1.06,47.26
490,6.66,316.71,0.34,49.96,0.41,207.69
491,3.76,145.88,0.94,25.59,1.89,232.89
492,7.67,73.71,0.73,161.63,1.54,329.57
493,6.6,327.69,0.3,169.78,0.54,38.98
494,4.64,131.55,2.43,25.92,2.42,112.38
495,10.16,331.19,0.83,119.05,1.74,128.82
496,8.67,330.92,0.61,182.97,2.7,160.39
497,12.38,19.94,1.81,219.7,1.14,64.59
498,5.09,59.92,1.33,28.23,1.46,68.64
499,14.82,55.22,0.84,45.72,2.93,26.61
500,5.69,125.68,0.46,256.19,1.04,266.52
1,3.51,45.0,1.13,0.0,3.87,45.0
2,2.8,90.0,1.26,0.0,3.76,0.0
3,3.46,0.0,1.31,45.0,3.48,45.0
4,3.57,45.0,1.16,45.0,3.75,0.0
5,3.57,135.0,1.36,135.0,3.28,45.0
6,2.75,135.0,1.0,0.0,3.24,90.0
7,2.65,90.0,1.22,0.0,3.7,45.0
8,2.98,135.0,1.42,45.0,3.52,135.0
9,3.05,45.0,1.07,45.0,3.1,0.0
10,2.75,45.0,1.3,90.0,3.3,135.0
11,2.74,135.0,1.13,0.0,3.42,135.0
12,2.75,135.0,1.29,45.0,3.45,45.0
13,3.42,135.0,1.28,45.0,3.41,45.0
14,2.75,135.0,1.09,0.0,3.96,45.0
15,2.67,45.0,1.28,135.0,3.58,0.0
16,3.58,0.0,1.23,135.0,3.79,0.0
17,3.08,90.0,1.47,90.0,3.39,45.0
18,3.02,45.0,1.45,135.0,3.11,0.0
19,3.23,135.0,1.32,0.0,4.0,90.0
20,2.89,0.0,1.18,0.0,3.02,90.0
21,2.86,135.0,1.44,45.0,3.73,0.0
22,3.34,90.0,1.37,90.0,3.6,45.0
23,3.17,135.0,1.09,90.0,3.3,135.0
24,3.36,0.0,1.44,135.0,3.27,90.0
25,2.66,0.0,1.49,45.0,3.37,135.0
26,3.17,45.0,1.43,0.0,3.86,0.0
27,2.94,90.0,1.36,135.0,3.83,0.0
28,3.15,135.0,1.21,90.0,3.13,135.0
29,3.36,90.0,1.05,45.0,3.1,0.0
30,3.33,45.0,1.18,0.0,3.59,0.0
31,2.68,90.0,1.05,135.0,3.89,90.0
32,2.9,0.0,1.24,135.0,3.06,90.0
33,3.32,90.0,1.15,0.0,3.85,135.0
34,3.48,0.0,1.09,0.0,3.3,0.0
35,3.21,45.0,1.39,45.0,3.04,0.0
36,3.55,135.0,1.19,45.0,3.55,90.0
37,2.71,135.0,1.27,90.0,3.69,135.0
38,2.93,45.0,1.14,0.0,3.09,90.0
39,2.65,45.0,1.21,0.0,3.94,135.0
40,2.99,135.0,1.15,0.0,3.26,0.0
41,3.35,0.0,1.48,90.0,3.69,90.0
42,2.7,45.0,1.04,135.0,3.1,135.0
43,3.37,90.0,1.08,135.0,3.18,0.0
44,2.96,90.0,1.45,45.0,3.68,90.0
45,3.53,135.0,1.24,0.0,3.47,0.0
46,2.81,0.0,1.4,45.0,3.56,90.0
47,2.63,45.0,1.03,135.0,3.01,135.0
48,2.9,45.0,1.49,90.0,3.93,90.0
49,2.78,45.0,1.09,90.0,3.53,45.0
50,2.74,0.0,1.08,0.0,3.29,0.0
51,2.92,45.0,1.29,0.0,3.44,90.0
52,3.29,0.0,1.42,0.0,3.73,135.0
53,2.66,90.0,1.2,135.0,3.08,90.0
54,2.67,135.0,1.28,135.0,3.68,135.0
55,3.24,90.0,1.11,45.0,3.46,45.0
56,2.98,0.0,1.36,45.0,3.78,135.0
57,2.7,90.0,1.1,45.0,3.31,0.0
58,3.48,0.0,1.38,45.0,3.72,90.0
59,3.35,0.0,1.49,45.0,3.25,135.0
60,2.98,135.0,1.05,135.0,3.22,45.0
61,3.05,45.0,1.01,0.0,3.13,45.0
62,3.3,45.0,1.38,90.0,3.68,0.0
63,3.39,0.0,1.24,135.0,3.89,45.0
64,2.77,90.0,1.49,0.0,3.63,45.0
65,3.49,0.0,1.3,135.0,3.78,90.0
66,3.06,45.0,1.07,45.0,3.8,90.0
67,3.42,45.0,1.33,90.0,3.01,0.0
68,3.35,0.0,1.39,90.0,3.41,45.0
69,2.83,45.0,1.32,0.0,3.28,90.0
70,2.76,90.0,1.24,90.0,3.35,0.0
71,3.25,90.0,1.1,90.0,3.84,0.0
72,2.89,0.0,1.33,90.0,3.71,135.0
73,3.27,90.0,1.43,45.0,3.3,135.0
74,3.24,0.0,1.11,135.0,3.82,90.0
75,3.24,0.0,1.28,45.0,3.64,0.0
76,3.55,135.0,1.29,135.0,3.06,0.0
77,2.86,45.0,1.38,90.0,3.11,135.0
78,3.04,45.0,1.37,90.0,3.89,90.0
79,3.41,0.0,1.06,90.0,3.85,0.0
80,2.61,90.0,1.27,0.0,3.34,0.0
81,3.39,45.0,1.26,90.0,3.76,0.0
82,3.6,45.0,1.24,45.0,3.87,90.0
83,2.73,90.0,1.13,45.0,3.3,45.0
84,3.58,0.0,1.43,135.0,3.01,90.0
85,2.96,45.0,1.42,135.0,3.2,90.0
86,3.33,135.0,1.15,45.0,3.34,0.0
87,2.86,90.0,1.42,45.0,3.55,135.0
88,2.89,0.0,1.18,135.0,3.63,90.0
89,2.81,0.0,1.18,90.0,3.27,0.0
90,3.36,0.0,1.45,45.0,3.32,90.0
91,2.77,135.0,1.03,0.0,3.53,90.0
92,3.35,90.0,1.3,0.0,3.57,90.0
93,3.36,90.0,1.38,90.0,3.06,0.0
94,3.32,135.0,1.34,135.0,3.06,135.0
95,2.67,45.0,1.09,45.0,3.41,90.0
96,2.87,90.0,1.24,135.0,3.41,0.0
97,3.16,135.0,1.13,135.0,3.2,0.0
98,2.65,45.0,1.06,135.0,3.7,0.0
99,3.19,135.0,1.33,0.0,3.65,90.0
100,2.73,0.0,1.05,0.0,3.37,90.0
101,3.59,0.0,1.07,135.0,3.15,45.0
102,2.66,90.0,1.11,45.0,3.23,135.0
103,3.07,135.0,1.08,90.0,3.82,135.0
104,2.73,135.0,1.42,45.0,3.79,0.0
105,3.32,90.0,1.28,90.0,3.09,0.0
106,3.03,45.0,1.07,45.0,3.44,135.0
107,2.91,90.0,1.23,0.0,3.32,90.0
108,3.59,135.0,1.41,45.0,3.21,0.0
109,3.29,0.0,1.0,135.0,3.11,0.0
110,3.05,90.0,1.42,90.0,3.37,0.0
111,3.14,45.0,1.39,0.0,3.99,0.0
112,2.75,45.0,1.18,0.0,3.44,45.0
113,3.2,135.0,1.28,90.0,3.82,90.0
114,2.83,0.0,1.31,45.0,3.79,45.0
115,2.73,90.0,1.12,135.0,3.4,45.0
116,3.32,90.0,1.03,45.0,3.76,0.0
117,3.14,135.0,1.21,0.0,3.85,135.0
118,2.64,0.0,1.1,135.0,3.29,0.0
119,3.13,90.0,1.47,0.0,3.48,135.0
120,2.76,0.0,1.18,90.0,3.29,135.0
121,3.47,135.0,1.0,45.0,3.56,0.0
122,3.05,90.0,1.19,90.0,3.01,45.0
123,3.44,0.0,1.38,0.0,3.49,135.0
124,2.64,45.0,1.11,45.0,3.62,45.0
125,2.93,45.0,1.4,90.0,3.32,0.0
126,3.31,0.0,1.3,45.0,3.05,135.0
127,3.13,0.0,1.15,90.0,3.8,45.0
128,3.29,90.0,1.34,45.0,3.51,45.0
129,2.75,0.0,1.03,0.0,3.63,90.0
130,2.84,90.0,1.21,0.0,3.05,135.0
131,2.83,45.0,1.35,45.0,3.72,90.0
132,2.69,45.0,1.45,135.0,3.76,90.0
133,2.73,45.0,1.34,90.0,3.14,0.0
134,3.02,45.0,1.15,135.0,3.06,90.0
135,2.69,135.0,1.4,90.0,3.66,90.0
136,3.14,0.0,1.4,45.0,3.4,90.0
137,3.13,135.0,1.2,0.0,3.67,90.0
138,2.93,0.0,1.23,45.0,3.6,45.0
139,2.89,135.0,1.35,135.0,3.57,45.0
140,2.64,45.0,1.31,135.0,3.37,45.0
141,3.32,90.0,1.27,45.0,3.94,135.0
142,3.46,0.0,1.13,135.0,3.76,135.0
143,3.41,0.0,1.45,90.0,3.67,45.0
144,2.75,45.0,1.09,0.0,3.71,0.0
145,3.6,90.0,1.11,90.0,3.09,0.0
146,2.83,45.0,1.48,135.0,3.22,135.0
147,3.27,90.0,1.28,90.0,3.89,135.0
148,3.3,0.0,1.1,135.0,3.89,0.0
149,2.82,135.0,1.34,90.0,3.83,90.0
150,3.33,135.0,1.12,0.0,3.93,135.0
151,3.34,135.0,1.49,0.0,3.03,90.0
152,3.34,90.0,1.3,0.0,3.67,0.0
153,2.66,90.0,1.2,90.0,3.42,135.0
154,3.26,135.0,1.09,0.0,3.35,45.0
155,3.49,135.0,1.06,0.0,3.82,0.0
156,3.54,135.0,1.38,135.0,3.68,45.0
157,3.45,135.0,1.34,135.0,3.11,135.0
158,3.55,135.0,1.04,0.0,3.92,90.0
159,3.19,135.0,1.07,135.0,3.53,0.0
160,3.28,135.0,1.28,45.0,3.97,0.0
161,3.21,45.0,1.44,0.0,3.71,45.0
162,3.16,45.0,1.16,0.0,3.38,90.0
163,3.27,135.0,1.19,45.0,3.88,90.0
164,3.54,135.0,1.23,0.0,3.37,45.0
165,2.9,0.0,1.17,135.0,3.15,45.0
166,3.03,135.0,1.18,135.0,3.7,90.0
167,2.95,45.0,1.07,90.0,3.36,135.0
168,2.91,135.0,1.39,45.0,3.99,90.0
169,3.13,135.0,1.27,0.0,3.03,0.0
170,3.52,90.0,1.44,135.0,3.48,0.0
171,3.12,0.0,1.07,90.0,3.52,90.0
172,2.98,0.0,1.07,0.0,3.13,135.0
173,2.85,90.0,1.34,45.0,3.2,135.0
174,2.94,135.0,1.4,45.0,3.39,0.0
175,3.36,45.0,1.43,135.0,3.17,45.0
176,3.0,135.0,1.22,135.0,3.2,0.0
177,2.72,45.0,1.22,0.0,3.38,90.0
178,3.24,0.0,1.0,90.0,3.78,90.0
179,3.24,45.0,1.12,45.0,3.48,90.0
180,3.44,0.0,1.44,0.0,3.8,90.0
181,3.22,0.0,1.08,45.0,3.11,135.0
182,3.31,135.0,1.12,0.0,3.95,135.0
183,3.5,135.0,1.17,135.0,3.85,0.0
184,2.7,0.0,1.06,135.0,3.76,45.0
185,3.52,45.0,1.22,90.0,3.11,45.0
186,3.07,90.0,1.09,135.0,3.68,135.0
187,3.02,90.0,1.39,90.0,3.58,45.0
188,3.05,90.0,1.46,135.0,3.76,90.0
189,2.63,90.0,1.33,45.0,3.79,90.0
190,2.67,45.0,1.04,0.0,3.08,90.0
191,3.09,45.0,1.3,90.0,3.09,135.0
192,2.99,45.0,1.13,45.0,3.14,45.0
193,2.98,135.0,1.2,45.0,3.93,90.0
194,2.84,90.0,1.0,135.0,3.66,135.0
195,3.2,135.0,1.36,135.0,3.55,135.0
196,3.33,45.0,1.02,0.0,3.99,135.0
197,2.99,45.0,1.29,45.0,3.39,45.0
198,3.22,135.0,1.12,90.0,3.66,135.0
199,3.23,0.0,1.35,135.0,3.28,135.0
200,2.69,0.0,1.08,45.0,3.39,0.0
201,2.79,135.0,1.08,0.0,3.87,0.0
202,3.43,0.0,1.48,135.0,3.35,0.0
203,2.8,0.0,1.37,0.0,3.94,0.0
204,2.61,135.0,1.4,90.0,3.42,135.0
205,2.83,135.0,1.13,135.0,3.07,135.0
206,3.39,0.0,1.12,45.0,3.75,45.0
207,3.56,90.0,1.27,0.0,3.05,0.0
208,3.08,45.0,1.21,45.0,3.57,90.0
209,2.91,135.0,1.09,90.0,3.67,135.0
210,3.12,0.0,1.07,135.0,3.33,45.0
211,2.68,0.0,1.03,0.0,3.65,45.0
212,2.95,0.0,1.39,135.0,3.42,45.0
213,2.84,135.0,1.42,90.0,3.76,90.0
214,2.84,45.0,1.25,135.0,3.92,45.0
215,3.0,0.0,1.5,0.0,3.73,0.0
216,2.86,45.0,1.09,90.0,3.92,135.0
217,2.62,45.0,1.07,90.0,3.54,0.0
218,3.27,45.0,1.23,0.0,3.03,45.0
219,3.15,135.0,1.07,90.0,3.54,45.0
220,2.84,90.0,1.29,0.0,3.25,45.0
221,3.43,90.0,1.27,0.0,3.01,90.0
222,3.18,45.0,1.19,0.0,3.31,45.0
223,2.63,135.0,1.43,90.0,3.08,90.0
224,3.11,135.0,1.12,135.0,3.2,45.0
225,3.08,0.0,1.28,45.0,3.15,90.0
226,2.95,0.0,1.04,45.0,3.68,90.0
227,2.99,45.0,1.28,135.0,3.11,90.0
228,3.25,90.0,1.21,45.0,3.23,90.0
229,3.34,135.0,1.24,135.0,3.13,45.0
230,3.28,135.0,1.11,45.0,3.22,45.0
231,3.23,90.0,1.16,90.0,3.36,0.0
232,3.59,0.0,1.18,0.0,3.54,90.0
233,3.26,0.0,1.43,45.0,3.88,90.0
234,2.98,135.0,1.42,135.0,3.3,45.0
235,2.66,0.0,1.08,135.0,3.86,0.0
236,2.81,45.0,1.33,135.0,3.2,135.0
237,2.91,135.0,1.4,135.0,3.44,90.0
238,3.24,135.0,1.16,135.0,3.87,45.0
239,2.61,45.0,1.21,0.0,3.69,90.0
240,2.69,0.0,1.11,0.0,3.23,90.0
241,3.32,45.0,1.49,90.0,3.31,90.0
242,3.07,135.0,1.33,0.0,3.01,0.0
243,3.27,0.0,1.23,135.0,3.18,90.0
244,3.58,90.0,1.04,90.0,3.36,90.0
245,2.78,90.0,1.07,90.0,3.52,90.0
246,3.14,135.0,1.03,45.0,3.12,45.0
247,3.14,0.0,1.26,135.0,3.2,90.0
248,3.36,45.0,1.12,45.0,3.44,90.0
249,2.7,0.0,1.03,45.0,3.89,90.0
250,3.57,90.0,1.3,90.0,3.05,90.0
251,3.5,45.0,1.22,0.0,3.69,90.0
252,3.34,90.0,1.01,135.0,3.82,90.0
253,3.27,90.0,1.32,0.0,3.68,135.0
254,3.06,135.0,1.22,135.0,3.97,90.0
255,3.19,135.0,1.45,45.0,3.84,90.0
256,2.61,45.0,1.04,0.0,3.76,135.0
257,2.8,135.0,1.33,90.0,3.47,90.0
258,2.68,0.0,1.43,45.0,3.43,45.0
259,3.39,135.0,1.42,90.0,3.44,45.0
260,3.46,135.0,1.4,45.0,3.34,135.0
261,3.37,90.0,1.46,135.0,3.85,45.0
262,3.54,90.0,1.09,0.0,3.12,90.0
263,2.63,45.0,1.44,0.0,3.81,135.0
264,2.86,0.0,1.11,90.0,3.34,90.0
265,2.93,90.0,1.37,0.0,3.42,45.0
266,2.88,90.0,1.04,0.0,3.87,90.0
267,3.13,45.0,1.37,0.0,3.66,135.0
268,2.86,135.0,1.04,0.0,3.52,135.0
269,3.18,90.0,1.13,0.0,3.11,90.0
270,3.56,90.0,1.42,90.0,3.52,135.0
271,3.07,90.0,1.37,45.0,3.09,0.0
272,2.89,90.0,1.26,0.0,3.94,90.0
273,3.51,90.0,1.46,45.0,3.73,90.0
274,2.9,45.0,1.42,45.0,3.73,135.0
275,2.95,90.0,1.2,135.0,3.02,135.0
276,2.79,0.0,1.39,135.0,3.84,135.0
277,2.84,135.0,1.22,45.0,3.08,135.0
278,3.39,135.0,1.48,135.0,3.61,45.0
279,3.06,135.0,1.18,135.0,3.86,0.0
280,3.49,90.0,1.27,90.0,3.71,90.0
281,2.69,45.0,1.42,0.0,3.7,135.0
282,2.98,0.0,1.2,0.0,4.0,0.0
283,2.75,135.0,1.25,90.0,3.25,135.0
284,3.14,135.0,1.35,45.0,3.29,0.0
285,2.78,0.0,1.14,45.0,3.42,90.0
286,3.28,45.0,1.13,135.0,3.4,0.0
287,2.82,90.0,1.21,45.0,3.94,90.0
288,3.31,45.0,1.21,90.0,3.56,45.0
289,2.62,45.0,1.41,45.0,3.77,0.0
290,2.83,135.0,1.11,90.0,3.4,0.0
291,3.27,135.0,1.38,90.0,3.52,45.0
292,3.38,45.0,1.06,90.0,3.71,0.0
293,2.67,45.0,1.03,135.0,3.18,0.0
294,3.41,135.0,1.36,0.0,3.25,135.0
295,2.84,135.0,1.33,135.0,3.28,0.0
296,2.81,135.0,1.48,0.0,3.03,135.0
297,3.23,135.0,1.45,90.0,3.51,45.0
298,3.03,135.0,1.03,45.0,3.95,45.0
299,2.89,135.0,1.48,135.0,3.52,0.0
300,2.69,0.0,1.34,0.0,3.36,0.0
301,13.4,201.87,0.25,288.88,1.36,327.65
302,7.57,125.6,0.2,70.31,1.11,268.62
303,7.02,84.21,0.44,83.17,2.82,302.79
304,11.3,312.66,0.31,96.94,1.8,99.44
305,13.42,0.23,1.13,7.68,2.09,127.95
306,11.42,30.91,1.38,338.14,2.87,222.89
307,7.9,104.73,0.46,312.81,1.3,210.36
308,7.52,214.45,0.41,13.79,1.18,129.17
309,5.27,33.02,0.76,211.83,1.71,226.66
310,6.28,95.95,0.83,103.01,1.05,354.21
311,10.56,124.89,0.84,284.42,2.83,183.12
312,11.41,336.72,0.18,13.37,1.32,57.22
313,8.76,126.39,0.42,293.52,0.84,38.63
314,5.23,110.55,0.99,311.0,2.04,185.83
315,8.28,17.18,0.8,188.91,1.35,140.41
316,5.33,13.43,2.39,85.97,2.89,310.37
317,7.99,160.12,0.47,176.67,0.96,209.95
318,14.35,313.94,0.29,66.73,1.23,23.63
319,7.95,107.75,0.34,341.59,2.37,321.34
320,11.97,323.59,0.88,138.92,1.57,200.18
321,8.86,7.23,0.48,253.3,0.99,40.18
322,13.45,108.84,1.38,213.89,1.4,143.61
323,13.93,274.49,0.89,28.1,1.63,186.67
324,8.31,127.98,1.06,113.88,2.97,245.95
325,12.3,28.05,1.43,224.61,1.57,19.79
326,5.78,4.65,0.93,-0.42,1.66,-23.9
327,6.54,147.61,0.42,135.22,2.22,148.63
328,7.94,21.11,0.24,304.53,1.26,68.21
329,11.51,37.49,0.46,257.36,1.14,337.08
330,11.39,22.05,0.46,129.82,2.34,126.91
331,10.21,205.23,0.19,331.95,1.68,218.36
332,12.46,134.88,0.26,143.95,1.26,113.61
333,14.2,182.47,0.16,130.85,2.07,206.84
334,10.39,326.6,0.83,21.56,2.59,67.2
335,11.87,123.14,0.5,51.57,0.61,173.35
336,10.51,338.87,0.39,51.84,0.61,129.2
337,12.92,348.0,0.33,293.54,2.38,169.47
338,8.76,103.12,0.17,100.55,0.64,217.47
339,5.48,299.02,0.41,180.69,1.3,272.02
340,8.33,313.28,0.44,207.44,2.04,309.87
341,8.55,14.05,0.35,118.57,0.71,66.78
342,14.55,112.62,0.27,117.64,0.8,178.02
343,6.99,134.47,0.8,107.09,2.42,121.88
344,5.87,93.02,0.74,115.8,1.08,151.66
345,6.88,18.55,1.39,31.61,0.43,252.67
346,4.76,290.47,0.26,102.73,0.87,131.21
347,6.42,195.54,1.58,55.34,0.86,133.36
348,9.58,34.38,0.83,112.23,1.06,68.41
349,6.4,42.71,0.44,331.87,1.53,28.88
350,10.1,161.59,0.2,273.16,2.27,306.8
351,6.11,260.01,0.49,291.25,1.46,305.34
352,9.8,335.08,0.17,172.11,1.44,103.27
353,9.87,196.88,0.48,245.53,1.98,93.67
354,3.52,201.3,0.95,144.72,0.68,233.82
355,5.61,222.87,0.4,322.52,0.97,201.21
356,7.36,279.88,0.16,126.56,1.71,7.65
357,10.35,111.53,0.34,12.95,1.66,26.36
358,9.84,214.28,1.4,175.76,1.37,304.76
359,9.83,66.13,0.63,3.8,1.73,53.72
360,10.82,321.92,0.73,281.66,1.97,77.24
361,13.42,108.69,0.89,67.76,1.8,155.1
362,11.45,253.33,0.73,64.04,0.79,198.07
363,6.82,22.48,0.9,289.29,2.72,26.55
364,14.87,192.04,0.11,73.35,2.34,178.62
365,12.07,237.01,1.09,84.69,1.89,92.46
366,7.91,12.54,0.47,104.02,2.04,96.67
367,6.04,354.94,1.52,141.07,1.88,26.29
368,13.15,162.73,0.32,252.15,0.87,235.19
369,7.93,33.2,0.55,46.76,0.83,45.36
370,13.18,248.83,1.48,65.15,2.23,111.41
371,5.12,170.27,1.45,191.49,1.69,315.43
372,5.0,55.01,0.53,340.62,1.17,18.23
373,5.17,323.83,1.01,335.99,0.55,10.97
374,8.27,44.01,0.6,151.63,2.84,133.45
375,9.39,165.61,0.41,153.73,0.54,290.29
376,5.87,109.83,0.49,50.0,1.81,173.46
377,13.16,339.91,0.98,289.41,1.42,93.6
378,13.21,297.63,1.3,150.24,2.13,58.07
379,6.23,188.13,0.25,52.13,1.38,41.64
380,1.5,17.49,0.64,327.56,2.36,238.15
381,6.05,52.72,0.79,327.12,1.77,253.15
382,14.62,75.99,0.35,42.16,2.23,198.57
383,8.95,226.26,0.25,349.05,2.81,317.3
384,13.26,38.32,0.26,75.61,1.99,148.07
385,6.97,203.33,1.52,265.9,1.49,150.21
386,6.7,279.49,0.11,153.09,1.09,255.0
387,9.65,175.88,0.95,57.85,2.96,358.14
388,8.01,257.02,0.84,300.27,2.64,72.06
389,7.51,358.7,0.3,339.42,1.93,262.73
390,10.4,75.99,0.48,263.77,1.57,79.38
391,7.37,107.03,1.36,359.69,2.07,86.81
392,10.69,219.11,0.2,50.83,2.04,48.51
393,10.14,103.26,0.69,25.27,2.66,329.11
394,11.28,292.95,0.7,160.01,1.57,190.87
395,12.38,53.93,1.11,14.67,2.37,201.67
396,10.56,177.25,0.2,94.93,1.22,71.71
397,5.32,217.53,0.24,211.93,1.07,87.52
398,8.46,69.56,0.44,38.81,2.79,326.5
399,11.91,173.95,0.53,80.05,1.74,150.24
400,12.31,303.78,1.08,245.72,1.65,350.6
401,6.39,174.16,0.43,334.07,1.62,143.17
402,10.47,75.67,0.16,265.14,2.9,210.27
403,14.19,221.95,0.73,207.22,0.71,169.69
404,9.58,158.17,1.21,262.75,1.29,284.74
405,13.25,51.19,1.99,120.89,2.89,47.18
406,8.85,260.36,0.26,139.71,1.25,230.53
407,3.89,7.92,0.68,72.7,0.58,125.78
408,11.38,282.59,0.23,95.1,1.46,100.0
409,9.13,122.28,0.44,157.33,1.48,288.21
410,8.35,291.94,0.45,37.49,2.05,233.39
411,8.42,31.7,0.32,236.33,1.87,344.28
412,4.77,227.46,1.79,289.31,0.71,117.73
413,13.8,118.19,0.46,214.06,2.47,260.37
414,6.29,325.96,0.34,352.35,2.04,88.76
415,10.29,221.78,0.13,142.56,0.88,58.77
416,8.66,250.13,0.83,43.95,2.95,176.16
417,9.25,316.92,0.74,171.65,2.82,249.16
418,12.2,231.46,1.08,209.88,2.29,111.03
419,14.24,44.68,0.79,64.99,2.36,252.37
420,5.25,180.75,0.19,119.22,2.61,218.91
421,6.35,287.13,0.16,331.91,1.79,130.62
422,5.86,354.2,0.46,156.31,0.65,132.95
423,9.55,29.92,0.84,356.9,1.48,43.56
424,13.96,16.03,0.15,248.42,0.71,135.92
425,8.19,33.1,0.39,254.22,0.53,287.64
426,12.72,135.56,0.13,253.46,2.11,248.07
427,9.84,73.45,0.14,350.0,1.44,10.43
428,14.01,105.5,0.9,145.72,1.34,183.11
429,6.01,105.34,0.33,79.78,2.46,348.52
430,7.95,33.69,0.82,8.97,1.5,160.24
431,10.29,196.19,0.14,274.01,1.86,239.88
432,5.93,53.8,0.27,124.96,0.96,257.39
433,14.51,307.74,0.38,56.97,0.67,284.68
434,9.09,155.74,0.21,21.11,0.56,55.9
435,9.51,338.24,1.44,31.98,0.55,171.18
436,13.82,1.28,0.96,100.27,0.66,245.33
437,7.25,299.01,0.55,168.4,1.73,101.93
438,7.24,222.39,1.28,2.25,2.17,109.11
439,8.54,319.05,0.68,80.49,2.39,91.31
440,10.17,308.35,0.26,202.86,1.05,187.74
441,11.99,14.0,0.14,256.88,2.41,67.72
442,5.7,164.54,0.45,98.81,1.73,177.16
443,4.69,204.58,0.2,141.78,0.78,41.53
444,9.34,203.23,0.28,318.6,2.62,266.87
445,6.23,77.86,0.55,248.84,2.64,56.66
446,9.58,274.74,0.26,275.83,1.27,105.84
447,10.93,256.6,0.31,174.95,1.92,261.07
448,13.54,129.89,0.26,309.72,1.56,325.28
449,7.23,67.51,0.48,110.71,1.78,135.02
450,11.87,15.2,1.13,282.71,2.21,118.98
451,5.58,95.84,0.86,121.1,2.61,251.18
452,12.8,162.22,0.47,205.25,1.02,250.39
453,9.36,238.19,0.32,2.14,2.34,241.0
454,13.45,103.76,0.32,54.58,1.35,134.79
455,5.62,12.72,0.69,225.98,1.13,352.27
456,13.33,179.44,1.25,72.67,1.49,75.36
457,6.88,193.01,2.06,27.76,2.53,56.29
458,5.4,324.42,0.46,98.06,2.19,297.12
459,6.35,353.83,0.27,281.43,2.19,21.41
460,10.92,168.01,0.64,116.99,1.33,71.35
461,10.86,152.59,1.41,279.45,1.83,193.18
462,6.05,138.29,0.56,86.01,0.65,183.33
463,12.26,95.0,0.12,108.74,0.9,199.71
464,12.32,202.76,0.64,316.31,0.57,354.84
465,12.18,177.67,0.36,112.56,1.06,264.56
466,12.25,81.57,0.21,22.16,0.53,37.61
467,10.29,288.9,0.24,306.86,1.02,171.13
468,13.09,229.68,0.61,90.77,1.98,75.46
469,14.58,140.77,1.29,102.17,2.94,202.46
470,10.2,292.56,0.47,324.08,1.69,156.15
471,7.86,108.3,0.44,225.02,1.8,240.1
472,11.84,160.89,0.13,25.18,1.61,73.66
473,8.4,227.7,1.3,230.39,0.75,106.71
474,14.05,151.24,1.31,185.18,2.64,304.94
475,14.67,129.87,1.47,126.71,2.44,106.08
476,11.55,30.84,0.49,52.21,0.84,346.35
477,13.38,115.23,0.26,74.69,1.31,316.91
478,5.29,49.11,0.92,303.72,0.8,147.48
479,14.78,46.16,0.18,318.39,0.91,141.69
480,7.27,56.95,0.25,328.35,1.37,325.58
481,8.13,99.9,1.39,76.47,0.71,225.93
482,12.13,317.38,1.06,37.63,0.64,127.24
483,14.31,151.43,1.21,181.4,2.49,22.96
484,9.88,74.6,0.97,310.09,2.35,231.82
485,13.24,8.24,1.09,60.37,1.72,102.7
486,7.36,206.92,1.66,156.17,1.88,107.36
487,3.2,310.45,0.35,348.57,0.17,2.41
488,14.12,50.82,1.84,129.07,3.34,63.64
489,6.74,339.7,0.24,168.36,1.61,267.14
490,12.77,317.59,0.63,50.09,0.9,208.27
491,6.51,145.88,0.47,25.59,1.89,232.89
492,7.67,73.71,0.26,161.63,1.31,329.57
493,6.83,327.69,0.59,169.78,1.13,38.98
494,7.35,263.1,1.45,51.83,2.42,224.76
495,8.09,331.19,0.94,119.05,1.74,128.82
496,10.57,330.92,0.56,182.97,2.77,160.39
497,12.38,19.94,0.36,219.7,0.64,64.59
498,10.15,358.99,1.27,98.77,2.09,343.72
499,14.74,302.61,0.57,308.63,2.88,19.35
500,10.37,125.68,0.55,256.19,1.17,266.52
